{"question":{"0":"13 - 77 = ","1":"10 + 46 = ","2":"9 + 4 = ","3":"24 + 68 = ","4":"29 - 29 = ","5":"10 + 53 = ","6":"100 + 41 = ","7":"25 + 69 = ","8":"13 - 43 = ","9":"45 - 67 = ","10":"50 + 83 = ","11":"9 - 34 = ","12":"5 + 57 = ","13":"35 - 18 = ","14":"70 - 90 = ","15":"91 - 59 = ","16":"48 - 64 = ","17":"55 - 89 = ","18":"6 + 36 = ","19":"81 - 63 = ","20":"80 - 32 = "},"correct":{"0":-64,"1":56,"2":13,"3":92,"4":0,"5":63,"6":141,"7":94,"8":-30,"9":-22,"10":133,"11":-25,"12":62,"13":17,"14":-20,"15":32,"16":-16,"17":-34,"18":42,"19":18,"20":48},"wrong1":{"0":-63,"1":57,"2":14,"3":93,"4":1,"5":64,"6":142,"7":95,"8":-29,"9":-21,"10":134,"11":-24,"12":63,"13":18,"14":-19,"15":33,"16":-15,"17":-33,"18":43,"19":19,"20":49},"wrong2":{"0":-65,"1":55,"2":12,"3":91,"4":-1,"5":62,"6":140,"7":93,"8":-31,"9":-23,"10":132,"11":-26,"12":61,"13":16,"14":-21,"15":31,"16":-17,"17":-35,"18":41,"19":17,"20":47},",":{"0":",","1":",","2":",","3":",","4":",","5":",","6":",","7":",","8":",","9":",","10":",","11":",","12":",","13":",","14":",","15":",","16":",","17":",","18":",","19":",","20":","}}