{"question":{"0":"13 + 11 = ","1":"24 + 21 = ","2":"12 - 73 = ","3":"14 + 5 = ","4":"10 - 34 = ","5":"6 - 23 = ","6":"57 + 6 = ","7":"28 - 10 = ","8":"70 - 33 = ","9":"66 - 77 = ","10":"13 + 43 = ","11":"61 - 75 = ","12":"10 + 3 = ","13":"52 - 96 = ","14":"34 + 69 = ","15":"61 + 8 = ","16":"17 - 4 = ","17":"23 - 92 = ","18":"9 + 30 = ","19":"44 - 44 = ","20":"18 - 85 = "},"correct":{"0":24,"1":45,"2":-61,"3":19,"4":-24,"5":-17,"6":63,"7":18,"8":37,"9":-11,"10":56,"11":-14,"12":13,"13":-44,"14":103,"15":69,"16":13,"17":-69,"18":39,"19":0,"20":-67},"wrong1":{"0":25,"1":46,"2":-60,"3":20,"4":-23,"5":-16,"6":64,"7":19,"8":38,"9":-10,"10":57,"11":-13,"12":14,"13":-43,"14":104,"15":70,"16":14,"17":-68,"18":40,"19":1,"20":-66},"wrong2":{"0":23,"1":44,"2":-62,"3":18,"4":-25,"5":-18,"6":62,"7":17,"8":36,"9":-12,"10":55,"11":-15,"12":12,"13":-45,"14":102,"15":68,"16":12,"17":-70,"18":38,"19":-1,"20":-68},",":{"0":",","1":",","2":",","3":",","4":",","5":",","6":",","7":",","8":",","9":",","10":",","11":",","12":",","13":",","14":",","15":",","16":",","17":",","18":",","19":",","20":","}}