{"question":{"0":"17 - 78 + 6 = ","1":"98 - 5 - 44 = ","2":"95 - 33 + 32 = ","3":"6 - 10 + 36 = ","4":"72 + 17 - 94 = ","5":"21 + 72 - 75 = ","6":"50 - 90 + 95 = ","7":"28 + 55 - 48 = ","8":"40 - 35 + 74 = ","9":"5 + 45 - 91 = ","10":"93 - 2 + 55 = ","11":"86 + 65 - 34 = ","12":"49 + 30 - 58 = ","13":"44 - 99 - 12 = ","14":"40 - 30 - 49 = ","15":"86 + 93 + 12 = ","16":"1 - 12 + 43 = ","17":"76 - 73 + 24 = ","18":"89 + 82 - 63 = ","19":"4 - 41 - 84 = ","20":"79 + 50 + 82 = "},"correct":{"0":-55,"1":49,"2":94,"3":32,"4":-5,"5":18,"6":55,"7":35,"8":79,"9":-41,"10":146,"11":117,"12":21,"13":-67,"14":-39,"15":191,"16":32,"17":27,"18":108,"19":-121,"20":211},"wrong1":{"0":-54,"1":50,"2":95,"3":33,"4":-4,"5":19,"6":56,"7":36,"8":80,"9":-40,"10":147,"11":118,"12":22,"13":-66,"14":-38,"15":192,"16":33,"17":28,"18":109,"19":-120,"20":212},"wrong2":{"0":-56,"1":48,"2":93,"3":31,"4":-6,"5":17,"6":54,"7":34,"8":78,"9":-42,"10":145,"11":116,"12":20,"13":-68,"14":-40,"15":190,"16":31,"17":26,"18":107,"19":-122,"20":210},",":{"0":",","1":",","2":",","3":",","4":",","5":",","6":",","7":",","8":",","9":",","10":",","11":",","12":",","13":",","14":",","15":",","16":",","17":",","18":",","19":",","20":","}}